{
    "Employer": "Center For Inquiry Inc.  Cente ",
    "Claimant": " SHERRY ROOK ",
    "Location": "AIG Transition ",
    "Claim": "999999 ",
    "Claim ": " 709882756 ",
    "Carrier": "AIG Prop Cas Co ",
    "DOI": " 09/23/2010 ",
    "Claims Examiner": "DONNA LAPOINT ",
    "DOB": " 02/10/1951 ",
    "Review": "5906103  ",
    "Recieved Date": " 10/17/2022 ",
    "TPA": " ",
    "Requesting": "Tworkowski, PA ",
    "Requests": "0 ",
    "Phone": "(716) 218-1000 ",
    "Jurisdiction": "NY ",
    "Specialty": "Physicians Assistant ",
    "Review Level": "NY PAR Level 2 ",
    "Review Type": " Review Type: Prospective UR"
}
